[
    {
      "model": "auth.user",
      "fields": {
        "password": "pbkdf2_sha256$216000$JAjpk4wwEdYl$HPLb2JDjSva1pilwajLo0u3qX6hDOSAFS9Rqi24vBZM=",
        "last_login": "2021-03-26T10:25:47.127Z",
        "is_superuser": true,
        "username": "admin",
        "first_name": "",
        "last_name": "",
        "email": "2203@live.com",
        "is_staff": true,
        "is_active": true,
        "date_joined": "2021-03-23T19:22:40.077Z",
        "groups": [],
        "user_permissions": []
      }
    },
    {
      "model": "auth.user",
      "fields": {
        "password": "pbkdf2_sha256$216000$UYCm0au3bBGo$Rz0v03uQvZdeS8hPiSQ7woRrmQSaP1JQ+sBsKUvidB0=",
        "last_login": "2021-03-26T10:05:30.622Z",
        "is_superuser": false,
        "username": "olga",
        "first_name": "olga",
        "last_name": "dovnar",
        "email": "olga@live.com",
        "is_staff": false,
        "is_active": true,
        "date_joined": "2021-03-23T19:37:17.096Z",
        "groups": [],
        "user_permissions": []
      }
    },
    {
      "model": "auth.user",
      "fields": {
        "password": "pbkdf2_sha256$216000$MV74FwwBXiLy$rLuc+y1fb1KcJSieK7LKsoaufdW/tb0BWv+BXfVr2SY=",
        "last_login": "2021-03-26T10:21:19.997Z",
        "is_superuser": false,
        "username": "george",
        "first_name": "george",
        "last_name": "george",
        "email": "olga.dovnar@live.com",
        "is_staff": false,
        "is_active": true,
        "date_joined": "2021-03-26T10:21:16.499Z",
        "groups": [],
        "user_permissions": []
      }
    },
    {
      "model": "sessions.session",
      "pk": "2lm5gbkl3nq5sak85scnpy7yh5tpeicw",
      "fields": {
        "session_data": ".eJxVjMEOwiAQRP-FsyEuLSt49N5vILssSNXQpLQn47_bJj3oaZJ5b-atAq1LCWtLcxhFXRWo02_HFJ-p7kAeVO-TjlNd5pH1ruiDNj1Mkl63w_07KNTKto7A0AsjIBkyFyGQlG3vnDfZMXhDXjrGaFCc9V1M1hrGJBnteQtRny_wsThn:1lOxuJ:d8iXdeq8Wc1Ks85JJmufoiCZ8AsbWdEXzsnY3EFkYEo",
        "expire_date": "2021-04-07T07:26:23.046Z"
      }
    },
    {
      "model": "sessions.session",
      "pk": "5kaztvotbar2ephgj6tobuli0n8fdtvi",
      "fields": {
        "session_data": ".eJxVjMsOwiAQRf-FtSE8C7h07zeQGRikaiAp7cr479qkC93ec859sQjbWuM2aIlzZmem2Ol3Q0gPajvId2i3zlNv6zIj3xV-0MGvPdPzcrh_BxVG_daAYMhJKYM1pK0KoqiglZNWSIQJkhfgtUu6eIc6TIa8McliMRicV5m9P8IfNxc:1lOmqC:hOw0nX9C7RGBtlIHgYLV5m9mmCligkyDI5iK0I58eLk",
        "expire_date": "2021-04-06T19:37:24.134Z"
      }
    },
    {
      "model": "sessions.session",
      "pk": "8nests64x2no3dioh81ydd7b507zqwf6",
      "fields": {
        "session_data": ".eJxVjMEOwiAQRP-FsyEuLSt49N5vILssSNXQpLQn47_bJj3oaZJ5b-atAq1LCWtLcxhFXRWo02_HFJ-p7kAeVO-TjlNd5pH1ruiDNj1Mkl63w_07KNTKto7A0AsjIBkyFyGQlG3vnDfZMXhDXjrGaFCc9V1M1hrGJBnteQtRny_wsThn:1lPjf1:txwv9gwfGdpfopMzF_J0vh2xb4zuuxSG6XyjSI7yNi4",
        "expire_date": "2021-04-09T10:25:47.130Z"
      }
    },
    {
      "model": "sessions.session",
      "pk": "8tfbshxzppdq3efevog14xps8g4v0f9t",
      "fields": {
        "session_data": ".eJxVjMEOwiAQRP-FsyEuLSt49N5vILssSNXQpLQn47_bJj3oaZJ5b-atAq1LCWtLcxhFXRWo02_HFJ-p7kAeVO-TjlNd5pH1ruiDNj1Mkl63w_07KNTKto7A0AsjIBkyFyGQlG3vnDfZMXhDXjrGaFCc9V1M1hrGJBnteQtRny_wsThn:1lOmc3:0RbtH0Y-veNshMH47rIuqZuDADpABc6FhsQLCqgTxyc",
        "expire_date": "2021-04-06T19:22:47.585Z"
      }
    },
    {
      "model": "sites.site",
      "fields": {
        "domain": "example.com",
        "name": "example.com"
      }
    },
    {
      "model": "recipes.ingredient",
      "pk": 1,
      "fields": {
        "name": "eggs"
      }
    },
    {
      "model": "recipes.ingredient",
      "pk": 2,
      "fields": {
        "name": "sea salt"
      }
    },
    {
      "model": "recipes.ingredient",
      "pk": 3,
      "fields": {
        "name": "olive oil"
      }
    },
    {
      "model": "recipes.ingredient",
      "pk": 4,
      "fields": {
        "name": "zucchini"
      }
    },
    {
      "model": "recipes.ingredient",
      "pk": 5,
      "fields": {
        "name": "fresh mushrooms"
      }
    },
    {
      "model": "recipes.ingredient",
      "pk": 6,
      "fields": {
        "name": "ginger"
      }
    },
    {
      "model": "recipes.ingredient",
      "pk": 7,
      "fields": {
        "name": "shallots"
      }
    },
    {
      "model": "recipes.ingredient",
      "pk": 8,
      "fields": {
        "name": "water"
      }
    },
    {
      "model": "recipes.ingredient",
      "pk": 9,
      "fields": {
        "name": "honey"
      }
    },
    {
      "model": "recipes.ingredient",
      "pk": 10,
      "fields": {
        "name": "garlic"
      }
    },
    {
      "model": "recipes.ingredient",
      "pk": 11,
      "fields": {
        "name": "white bread"
      }
    },
    {
      "model": "recipes.ingredient",
      "pk": 12,
      "fields": {
        "name": "Cheddar cheese"
      }
    },
    {
      "model": "recipes.ingredient",
      "pk": 13,
      "fields": {
        "name": "plain flour"
      }
    },
    {
      "model": "recipes.ingredient",
      "pk": 14,
      "fields": {
        "name": "butter"
      }
    },
    {
      "model": "recipes.ingredient",
      "pk": 15,
      "fields": {
        "name": "Vegetable Stock Concentrate"
      }
    },
    {
      "model": "recipes.ingredient",
      "pk": 16,
      "fields": {
        "name": "Sweet Paprika"
      }
    },
    {
      "model": "recipes.ingredient",
      "pk": 17,
      "fields": {
        "name": "Cayenne Pepper"
      }
    },
    {
      "model": "recipes.ingredient",
      "pk": 18,
      "fields": {
        "name": "black pepper"
      }
    },
    {
      "model": "recipes.ingredient",
      "pk": 19,
      "fields": {
        "name": "White rice cooked"
      }
    },
    {
      "model": "recipes.ingredient",
      "pk": 20,
      "fields": {
        "name": "Precook rice"
      }
    },
    {
      "model": "recipes.ingredient",
      "pk": 21,
      "fields": {
        "name": "Brown onion"
      }
    },
    {
      "model": "recipes.ingredient",
      "pk": 22,
      "fields": {
        "name": "white wine"
      }
    },
    {
      "model": "recipes.ingredient",
      "pk": 23,
      "fields": {
        "name": "arborio rice"
      }
    },
    {
      "model": "recipes.ingredient",
      "pk": 24,
      "fields": {
        "name": "salmon fillet"
      }
    },
    {
      "model": "recipes.ingredient",
      "pk": 25,
      "fields": {
        "name": "spinach leaves"
      }
    },
    {
      "model": "recipes.ingredient",
      "pk": 26,
      "fields": {
        "name": "lemon"
      }
    },
    {
      "model": "recipes.ingredient",
      "pk": 27,
      "fields": {
        "name": "red chilli"
      }
    },
    {
      "model": "recipes.ingredient",
      "pk": 28,
      "fields": {
        "name": "linguini pasta"
      }
    },
    {
      "model": "recipes.ingredient",
      "pk": 29,
      "fields": {
        "name": "parmesan cheese"
      }
    },
    {
      "model": "recipes.ingredient",
      "pk": 30,
      "fields": {
        "name": "green prawns"
      }
    },
    {
      "model": "recipes.ingredient",
      "pk": 31,
      "fields": {
        "name": "baby potatoes"
      }
    },
    {
      "model": "recipes.ingredient",
      "pk": 32,
      "fields": {
        "name": "potato"
      }
    },
    {
      "model": "recipes.ingredient",
      "pk": 33,
      "fields": {
        "name": "fresh salmon"
      }
    },
    {
      "model": "recipes.ingredient",
      "pk": 34,
      "fields": {
        "name": "string beans"
      }
    },
    {
      "model": "recipes.ingredient",
      "pk": 35,
      "fields": {
        "name": "asparagus spears"
      }
    },
    {
      "model": "recipes.ingredient",
      "pk": 36,
      "fields": {
        "name": "cherry tomatoes"
      }
    },
    {
      "model": "recipes.ingredient",
      "pk": 37,
      "fields": {
        "name": "lettuce"
      }
    },
    {
      "model": "recipes.ingredient",
      "pk": 38,
      "fields": {
        "name": "olives"
      }
    },
    {
      "model": "recipes.recipe",
      "pk": 1,
      "fields": {
        "title": "CLONE OF RISOTTO AL SALMONE",
        "from_who": [
          "admin"
        ],
        "how_to": "Creamy salmon risotto",
        "cooking_time": 30,
        "image": "",
        "pub_date": "2021-03-23T19:24:15.465Z",
        "tags": "150,220"
      }
    },
    {
      "model": "recipes.recipe",
      "pk": 2,
      "fields": {
        "title": "WARM SALMON SALAD (NICOISE STYLE)",
        "from_who": [
          "olga"
        ],
        "how_to": "Place 700g water in the TMX bowl.Place eggs (up to 8 eggs) in the internal basket.Place potatoes in the Varoma bowl.Place salmon (on a piece of damp, scrunched baking paper) on the Varoma tray.Add salt/pepper, herbs of choice or crushed capers to the top of the salmon steaks.\r\n\r\nSteam 15-20 mins / Varoma / speed 3.Add beans and asparagus (place on top of potatoes) with 10 minutes to go (less if you like a little crunch)\r\n\r\nArrange salmon, potatoes, eggs, beans and asparagus on a bed of lettuce, cherry tomatoes and olives.Drizzle with french dressing and season with salt and pepper.\r\nFrench dressing\r\nPlace all dressing ingredients in clean TMX bowl and blend 1-2 mins/Speed 3 until smooth and well combined.Adjust taste to suit and blend again if required.",
        "cooking_time": 30,
        "image": "image/Capture4.JPG",
        "pub_date": "2021-03-26T10:19:37.197Z",
        "tags": "150,160"
      }
    },
    {
      "model": "recipes.recipe",
      "pk": 3,
      "fields": {
        "title": "SALMON WITH COCONUT RICE",
        "from_who": [
          "george"
        ],
        "how_to": "Place Basket inside bowl and measure the dry rice.\r\n \r\nTake the basket out of the bowl and wash the rice under running water (leave the rice in the basket)\r\nReturn basket containing rice to the bowl.\r\n \r\nTip over the rice one can of coconut milk, then add another 200g of water (just fill your empty coconut milk can half way up and add that)\r\nPlace bowl in Thermomix. Put the lid on (MC off).\r\nPlace frozen vegies into bottom tray of Varoma, and frozen salmon on top (don't worry if the pieces of salmon are frozen together). Pop the lid on.  \r\n \r\nCook Varoma, 20 minutes, speed 1.\r\nAfter the 20 minutes, separate the salmon pieces and cook for a further 3-5 minutes, Varoma, 3 minutes Speed 1.  If you want to, you can take out the rice and veg at this point and start to serve the meal while you give the salmon its extra 3 minutes.\r\nServe coconut rice, topped with Veg and Salmon.  Add a splash of soy or tamari to taste and sprinkle with sesame seeds (or magic seeds as we call them for the little people).",
        "cooking_time": 30,
        "image": "image/Capture5.JPG",
        "pub_date": "2021-03-26T10:24:34.260Z",
        "tags": "160,190"
      }
    },
    {
      "model": "recipes.recipeingredient",
      "pk": 1,
      "fields": {
        "recipe": 1,
        "ingredient": 1,
        "amount": 2,
        "unit": "items"
      }
    },
    {
      "model": "recipes.recipeingredient",
      "pk": 2,
      "fields": {
        "recipe": 1,
        "ingredient": 2,
        "amount": 5,
        "unit": "g"
      }
    },
    {
      "model": "recipes.recipeingredient",
      "pk": 3,
      "fields": {
        "recipe": 2,
        "ingredient": 1,
        "amount": 1,
        "unit": "item per person"
      }
    },
    {
      "model": "recipes.recipeingredient",
      "pk": 4,
      "fields": {
        "recipe": 2,
        "ingredient": 24,
        "amount": 1,
        "unit": "piece per person"
      }
    },
    {
      "model": "recipes.recipeingredient",
      "pk": 5,
      "fields": {
        "recipe": 2,
        "ingredient": 34,
        "amount": 5,
        "unit": "items per person"
      }
    },
    {
      "model": "recipes.recipeingredient",
      "pk": 6,
      "fields": {
        "recipe": 2,
        "ingredient": 35,
        "amount": 3,
        "unit": "items"
      }
    },
    {
      "model": "recipes.recipeingredient",
      "pk": 7,
      "fields": {
        "recipe": 2,
        "ingredient": 36,
        "amount": 5,
        "unit": "items"
      }
    },
    {
      "model": "recipes.recipeingredient",
      "pk": 8,
      "fields": {
        "recipe": 3,
        "ingredient": 24,
        "amount": 2,
        "unit": "pieces"
      }
    },
    {
      "model": "recipes.recipeingredient",
      "pk": 9,
      "fields": {
        "recipe": 3,
        "ingredient": 20,
        "amount": 70,
        "unit": "g"
      }
    },
    {
      "model": "recipes.recipeingredient",
      "pk": 10,
      "fields": {
        "recipe": 3,
        "ingredient": 8,
        "amount": 200,
        "unit": "g"
      }
    },
    {
      "model": "recipes.bookmark",
      "pk": 1,
      "fields": {
        "user": [
          "olga"
        ],
        "recipe": 1
      }
    },
    {
      "model": "recipes.bookmark",
      "pk": 2,
      "fields": {
        "user": [
          "admin"
        ],
        "recipe": 1
      }
    },
    {
      "model": "recipes.bookmark",
      "pk": 3,
      "fields": {
        "user": [
          "george"
        ],
        "recipe": 2
      }
    },
    {
      "model": "recipes.bookmark",
      "pk": 4,
      "fields": {
        "user": [
          "george"
        ],
        "recipe": 1
      }
    },
    {
      "model": "recipes.order",
      "pk": 2,
      "fields": {
        "user": [
          "admin"
        ],
        "recipe": 1
      }
    },
    {
      "model": "admin.logentry",
      "pk": 1,
      "fields": {
        "action_time": "2021-03-23T19:22:53.709Z",
        "user": [
          "admin"
        ],
        "content_type": [
          "recipes",
          "ingredient"
        ],
        "object_id": "1",
        "object_repr": "eggs",
        "action_flag": 1,
        "change_message": "[{\"added\": {}}]"
      }
    },
    {
      "model": "admin.logentry",
      "pk": 2,
      "fields": {
        "action_time": "2021-03-23T19:22:59.114Z",
        "user": [
          "admin"
        ],
        "content_type": [
          "recipes",
          "ingredient"
        ],
        "object_id": "2",
        "object_repr": "sea salt",
        "action_flag": 1,
        "change_message": "[{\"added\": {}}]"
      }
    },
    {
      "model": "admin.logentry",
      "pk": 3,
      "fields": {
        "action_time": "2021-03-23T19:23:04.579Z",
        "user": [
          "admin"
        ],
        "content_type": [
          "recipes",
          "ingredient"
        ],
        "object_id": "3",
        "object_repr": "olive oil",
        "action_flag": 1,
        "change_message": "[{\"added\": {}}]"
      }
    },
    {
      "model": "admin.logentry",
      "pk": 4,
      "fields": {
        "action_time": "2021-03-23T19:23:11.812Z",
        "user": [
          "admin"
        ],
        "content_type": [
          "recipes",
          "ingredient"
        ],
        "object_id": "4",
        "object_repr": "zucchini",
        "action_flag": 1,
        "change_message": "[{\"added\": {}}]"
      }
    },
    {
      "model": "admin.logentry",
      "pk": 5,
      "fields": {
        "action_time": "2021-03-23T19:23:16.005Z",
        "user": [
          "admin"
        ],
        "content_type": [
          "recipes",
          "ingredient"
        ],
        "object_id": "5",
        "object_repr": "fresh mushrooms",
        "action_flag": 1,
        "change_message": "[{\"added\": {}}]"
      }
    },
    {
      "model": "admin.logentry",
      "pk": 6,
      "fields": {
        "action_time": "2021-03-23T19:24:15.481Z",
        "user": [
          "admin"
        ],
        "content_type": [
          "recipes",
          "recipe"
        ],
        "object_id": "1",
        "object_repr": "CLONE OF RISOTTO AL SALMONE",
        "action_flag": 1,
        "change_message": "[{\"added\": {}}, {\"added\": {\"name\": \"RecipeAndIngredinents\", \"object\": \"Recipe CLONE OF RISOTTO AL SALMONE <--> ingredient eggs\"}}, {\"added\": {\"name\": \"RecipeAndIngredinents\", \"object\": \"Recipe CLONE OF RISOTTO AL SALMONE <--> ingredient sea salt\"}}]"
      }
    },
    {
      "model": "admin.logentry",
      "pk": 7,
      "fields": {
        "action_time": "2021-03-26T10:06:57.056Z",
        "user": [
          "admin"
        ],
        "content_type": [
          "recipes",
          "ingredient"
        ],
        "object_id": "6",
        "object_repr": "ginger",
        "action_flag": 1,
        "change_message": "[{\"added\": {}}]"
      }
    },
    {
      "model": "admin.logentry",
      "pk": 8,
      "fields": {
        "action_time": "2021-03-26T10:07:16.448Z",
        "user": [
          "admin"
        ],
        "content_type": [
          "recipes",
          "ingredient"
        ],
        "object_id": "7",
        "object_repr": "shallots",
        "action_flag": 1,
        "change_message": "[{\"added\": {}}]"
      }
    },
    {
      "model": "admin.logentry",
      "pk": 9,
      "fields": {
        "action_time": "2021-03-26T10:07:24.085Z",
        "user": [
          "admin"
        ],
        "content_type": [
          "recipes",
          "ingredient"
        ],
        "object_id": "8",
        "object_repr": "water",
        "action_flag": 1,
        "change_message": "[{\"added\": {}}]"
      }
    },
    {
      "model": "admin.logentry",
      "pk": 10,
      "fields": {
        "action_time": "2021-03-26T10:07:36.265Z",
        "user": [
          "admin"
        ],
        "content_type": [
          "recipes",
          "ingredient"
        ],
        "object_id": "9",
        "object_repr": "honey",
        "action_flag": 1,
        "change_message": "[{\"added\": {}}]"
      }
    },
    {
      "model": "admin.logentry",
      "pk": 11,
      "fields": {
        "action_time": "2021-03-26T10:07:49.010Z",
        "user": [
          "admin"
        ],
        "content_type": [
          "recipes",
          "ingredient"
        ],
        "object_id": "10",
        "object_repr": "garlic",
        "action_flag": 1,
        "change_message": "[{\"added\": {}}]"
      }
    },
    {
      "model": "admin.logentry",
      "pk": 12,
      "fields": {
        "action_time": "2021-03-26T10:08:14.507Z",
        "user": [
          "admin"
        ],
        "content_type": [
          "recipes",
          "ingredient"
        ],
        "object_id": "11",
        "object_repr": "white bread",
        "action_flag": 1,
        "change_message": "[{\"added\": {}}]"
      }
    },
    {
      "model": "admin.logentry",
      "pk": 13,
      "fields": {
        "action_time": "2021-03-26T10:08:22.890Z",
        "user": [
          "admin"
        ],
        "content_type": [
          "recipes",
          "ingredient"
        ],
        "object_id": "12",
        "object_repr": "Cheddar cheese",
        "action_flag": 1,
        "change_message": "[{\"added\": {}}]"
      }
    },
    {
      "model": "admin.logentry",
      "pk": 14,
      "fields": {
        "action_time": "2021-03-26T10:08:47.793Z",
        "user": [
          "admin"
        ],
        "content_type": [
          "recipes",
          "ingredient"
        ],
        "object_id": "13",
        "object_repr": "plain flour",
        "action_flag": 1,
        "change_message": "[{\"added\": {}}]"
      }
    },
    {
      "model": "admin.logentry",
      "pk": 15,
      "fields": {
        "action_time": "2021-03-26T10:08:52.090Z",
        "user": [
          "admin"
        ],
        "content_type": [
          "recipes",
          "ingredient"
        ],
        "object_id": "14",
        "object_repr": "butter",
        "action_flag": 1,
        "change_message": "[{\"added\": {}}]"
      }
    },
    {
      "model": "admin.logentry",
      "pk": 16,
      "fields": {
        "action_time": "2021-03-26T10:09:09.475Z",
        "user": [
          "admin"
        ],
        "content_type": [
          "recipes",
          "ingredient"
        ],
        "object_id": "15",
        "object_repr": "Vegetable Stock Concentrate",
        "action_flag": 1,
        "change_message": "[{\"added\": {}}]"
      }
    },
    {
      "model": "admin.logentry",
      "pk": 17,
      "fields": {
        "action_time": "2021-03-26T10:09:22.412Z",
        "user": [
          "admin"
        ],
        "content_type": [
          "recipes",
          "ingredient"
        ],
        "object_id": "16",
        "object_repr": "Sweet Paprika",
        "action_flag": 1,
        "change_message": "[{\"added\": {}}]"
      }
    },
    {
      "model": "admin.logentry",
      "pk": 18,
      "fields": {
        "action_time": "2021-03-26T10:09:35.049Z",
        "user": [
          "admin"
        ],
        "content_type": [
          "recipes",
          "ingredient"
        ],
        "object_id": "17",
        "object_repr": "Cayenne Pepper",
        "action_flag": 1,
        "change_message": "[{\"added\": {}}]"
      }
    },
    {
      "model": "admin.logentry",
      "pk": 19,
      "fields": {
        "action_time": "2021-03-26T10:09:47.598Z",
        "user": [
          "admin"
        ],
        "content_type": [
          "recipes",
          "ingredient"
        ],
        "object_id": "18",
        "object_repr": "black pepper",
        "action_flag": 1,
        "change_message": "[{\"added\": {}}]"
      }
    },
    {
      "model": "admin.logentry",
      "pk": 20,
      "fields": {
        "action_time": "2021-03-26T10:09:59.205Z",
        "user": [
          "admin"
        ],
        "content_type": [
          "recipes",
          "ingredient"
        ],
        "object_id": "19",
        "object_repr": "White rice cooked",
        "action_flag": 1,
        "change_message": "[{\"added\": {}}]"
      }
    },
    {
      "model": "admin.logentry",
      "pk": 21,
      "fields": {
        "action_time": "2021-03-26T10:10:15.683Z",
        "user": [
          "admin"
        ],
        "content_type": [
          "recipes",
          "ingredient"
        ],
        "object_id": "20",
        "object_repr": "Precook rice",
        "action_flag": 1,
        "change_message": "[{\"added\": {}}]"
      }
    },
    {
      "model": "admin.logentry",
      "pk": 22,
      "fields": {
        "action_time": "2021-03-26T10:10:29.662Z",
        "user": [
          "admin"
        ],
        "content_type": [
          "recipes",
          "ingredient"
        ],
        "object_id": "21",
        "object_repr": "Brown onion",
        "action_flag": 1,
        "change_message": "[{\"added\": {}}]"
      }
    },
    {
      "model": "admin.logentry",
      "pk": 23,
      "fields": {
        "action_time": "2021-03-26T10:10:46.667Z",
        "user": [
          "admin"
        ],
        "content_type": [
          "recipes",
          "ingredient"
        ],
        "object_id": "22",
        "object_repr": "white wine",
        "action_flag": 1,
        "change_message": "[{\"added\": {}}]"
      }
    },
    {
      "model": "admin.logentry",
      "pk": 24,
      "fields": {
        "action_time": "2021-03-26T10:10:59.851Z",
        "user": [
          "admin"
        ],
        "content_type": [
          "recipes",
          "ingredient"
        ],
        "object_id": "23",
        "object_repr": "arborio rice",
        "action_flag": 1,
        "change_message": "[{\"added\": {}}]"
      }
    },
    {
      "model": "admin.logentry",
      "pk": 25,
      "fields": {
        "action_time": "2021-03-26T10:11:09.770Z",
        "user": [
          "admin"
        ],
        "content_type": [
          "recipes",
          "ingredient"
        ],
        "object_id": "24",
        "object_repr": "salmon fillet",
        "action_flag": 1,
        "change_message": "[{\"added\": {}}]"
      }
    },
    {
      "model": "admin.logentry",
      "pk": 26,
      "fields": {
        "action_time": "2021-03-26T10:11:19.415Z",
        "user": [
          "admin"
        ],
        "content_type": [
          "recipes",
          "ingredient"
        ],
        "object_id": "25",
        "object_repr": "spinach leaves",
        "action_flag": 1,
        "change_message": "[{\"added\": {}}]"
      }
    },
    {
      "model": "admin.logentry",
      "pk": 27,
      "fields": {
        "action_time": "2021-03-26T10:11:48.435Z",
        "user": [
          "admin"
        ],
        "content_type": [
          "recipes",
          "ingredient"
        ],
        "object_id": "26",
        "object_repr": "lemon",
        "action_flag": 1,
        "change_message": "[{\"added\": {}}]"
      }
    },
    {
      "model": "admin.logentry",
      "pk": 28,
      "fields": {
        "action_time": "2021-03-26T10:11:51.554Z",
        "user": [
          "admin"
        ],
        "content_type": [
          "recipes",
          "ingredient"
        ],
        "object_id": "27",
        "object_repr": "red chilli",
        "action_flag": 1,
        "change_message": "[{\"added\": {}}]"
      }
    },
    {
      "model": "admin.logentry",
      "pk": 29,
      "fields": {
        "action_time": "2021-03-26T10:12:02.975Z",
        "user": [
          "admin"
        ],
        "content_type": [
          "recipes",
          "ingredient"
        ],
        "object_id": "28",
        "object_repr": "linguini pasta",
        "action_flag": 1,
        "change_message": "[{\"added\": {}}]"
      }
    },
    {
      "model": "admin.logentry",
      "pk": 30,
      "fields": {
        "action_time": "2021-03-26T10:12:25.039Z",
        "user": [
          "admin"
        ],
        "content_type": [
          "recipes",
          "ingredient"
        ],
        "object_id": "29",
        "object_repr": "parmesan cheese",
        "action_flag": 1,
        "change_message": "[{\"added\": {}}]"
      }
    },
    {
      "model": "admin.logentry",
      "pk": 31,
      "fields": {
        "action_time": "2021-03-26T10:12:48.916Z",
        "user": [
          "admin"
        ],
        "content_type": [
          "recipes",
          "ingredient"
        ],
        "object_id": "30",
        "object_repr": "green prawns",
        "action_flag": 1,
        "change_message": "[{\"added\": {}}]"
      }
    },
    {
      "model": "admin.logentry",
      "pk": 32,
      "fields": {
        "action_time": "2021-03-26T10:13:57.391Z",
        "user": [
          "admin"
        ],
        "content_type": [
          "recipes",
          "ingredient"
        ],
        "object_id": "31",
        "object_repr": "baby potatoes",
        "action_flag": 1,
        "change_message": "[{\"added\": {}}]"
      }
    },
    {
      "model": "admin.logentry",
      "pk": 33,
      "fields": {
        "action_time": "2021-03-26T10:14:02.971Z",
        "user": [
          "admin"
        ],
        "content_type": [
          "recipes",
          "ingredient"
        ],
        "object_id": "32",
        "object_repr": "potato",
        "action_flag": 1,
        "change_message": "[{\"added\": {}}]"
      }
    },
    {
      "model": "admin.logentry",
      "pk": 34,
      "fields": {
        "action_time": "2021-03-26T10:14:15.325Z",
        "user": [
          "admin"
        ],
        "content_type": [
          "recipes",
          "ingredient"
        ],
        "object_id": "33",
        "object_repr": "fresh salmon",
        "action_flag": 1,
        "change_message": "[{\"added\": {}}]"
      }
    },
    {
      "model": "admin.logentry",
      "pk": 35,
      "fields": {
        "action_time": "2021-03-26T10:14:27.877Z",
        "user": [
          "admin"
        ],
        "content_type": [
          "recipes",
          "ingredient"
        ],
        "object_id": "34",
        "object_repr": "string beans",
        "action_flag": 1,
        "change_message": "[{\"added\": {}}]"
      }
    },
    {
      "model": "admin.logentry",
      "pk": 36,
      "fields": {
        "action_time": "2021-03-26T10:14:38.662Z",
        "user": [
          "admin"
        ],
        "content_type": [
          "recipes",
          "ingredient"
        ],
        "object_id": "35",
        "object_repr": "asparagus spears",
        "action_flag": 1,
        "change_message": "[{\"added\": {}}]"
      }
    },
    {
      "model": "admin.logentry",
      "pk": 37,
      "fields": {
        "action_time": "2021-03-26T10:14:47.415Z",
        "user": [
          "admin"
        ],
        "content_type": [
          "recipes",
          "ingredient"
        ],
        "object_id": "36",
        "object_repr": "cherry tomatoes",
        "action_flag": 1,
        "change_message": "[{\"added\": {}}]"
      }
    },
    {
      "model": "admin.logentry",
      "pk": 38,
      "fields": {
        "action_time": "2021-03-26T10:14:58.542Z",
        "user": [
          "admin"
        ],
        "content_type": [
          "recipes",
          "ingredient"
        ],
        "object_id": "37",
        "object_repr": "lettuce",
        "action_flag": 1,
        "change_message": "[{\"added\": {}}]"
      }
    },
    {
      "model": "admin.logentry",
      "pk": 39,
      "fields": {
        "action_time": "2021-03-26T10:15:08.083Z",
        "user": [
          "admin"
        ],
        "content_type": [
          "recipes",
          "ingredient"
        ],
        "object_id": "38",
        "object_repr": "olives",
        "action_flag": 1,
        "change_message": "[{\"added\": {}}]"
      }
    },
    {
      "model": "admin.logentry",
      "pk": 40,
      "fields": {
        "action_time": "2021-03-26T10:19:37.208Z",
        "user": [
          "admin"
        ],
        "content_type": [
          "recipes",
          "recipe"
        ],
        "object_id": "2",
        "object_repr": "WARM SALMON SALAD (NICOISE STYLE)",
        "action_flag": 1,
        "change_message": "[{\"added\": {}}, {\"added\": {\"name\": \"RecipeAndIngredinents\", \"object\": \"Recipe WARM SALMON SALAD (NICOISE STYLE) <--> ingredient eggs\"}}, {\"added\": {\"name\": \"RecipeAndIngredinents\", \"object\": \"Recipe WARM SALMON SALAD (NICOISE STYLE) <--> ingredient salmon fillet\"}}, {\"added\": {\"name\": \"RecipeAndIngredinents\", \"object\": \"Recipe WARM SALMON SALAD (NICOISE STYLE) <--> ingredient string beans\"}}, {\"added\": {\"name\": \"RecipeAndIngredinents\", \"object\": \"Recipe WARM SALMON SALAD (NICOISE STYLE) <--> ingredient asparagus spears\"}}, {\"added\": {\"name\": \"RecipeAndIngredinents\", \"object\": \"Recipe WARM SALMON SALAD (NICOISE STYLE) <--> ingredient cherry tomatoes\"}}]"
      }
    },
    {
      "model": "admin.logentry",
      "pk": 41,
      "fields": {
        "action_time": "2021-03-26T10:19:54.238Z",
        "user": [
          "admin"
        ],
        "content_type": [
          "recipes",
          "recipe"
        ],
        "object_id": "2",
        "object_repr": "WARM SALMON SALAD (NICOISE STYLE)",
        "action_flag": 2,
        "change_message": "[{\"changed\": {\"fields\": [\"Illustration\"]}}]"
      }
    },
    {
      "model": "admin.logentry",
      "pk": 42,
      "fields": {
        "action_time": "2021-03-26T11:05:04.117Z",
        "user": [
          "admin"
        ],
        "content_type": [
          "recipes",
          "recipe"
        ],
        "object_id": "1",
        "object_repr": "CLONE OF RISOTTO AL SALMONE",
        "action_flag": 2,
        "change_message": "[{\"changed\": {\"fields\": [\"How to\"]}}]"
      }
    }
    ]
    